department,recruitment_cost
Management,2342.6428571428573
Business Intelligence,2231.1632653061224
Cybersecurity,2229.481818181818
Human Resources,2205.2808988764045
Marketing,2196.4835820895523
Product Development,2188.769859813084
Finance,2150.3809523809523
