job_level,salary
0,83865.25222222222
4,75596.54397849462
3,66485.74614622057
2,50130.58589239966
1,37899.35057777778
