department,salary
Management,102357.33888888889
Business Intelligence,76985.90251091703
Finance,73710.18808080808
Cybersecurity,56371.50948148148
Human Resources,49815.801166666664
Marketing,47953.34557823129
Product Development,47518.365081351694
