department,tenure_years
Human Resources,11.633424657534245
Finance,9.413698630136986
Management,8.54794520547945
Business Intelligence,8.135642284828121
Product Development,4.715215100563522
Marketing,3.807222914072229
Cybersecurity,3.7380468404772427
